Clinic Name,Address,City,State,Phone,Website,Description
Wonderful Fertility Fertility Cruise,"137 Central Avenue, Anand, Gujarat",Anand,Gujarat,+91-0138-61200790,https://www.wonderfulfertilityfertilitycruisecenter.com,State-of-the-art fertility treatment center
Oasis IVF Plaza,"750 Gandhi Nagar, Rampur, Uttar Pradesh",Rampur,Uttar Pradesh,+91-0154-71398452,https://www.oasisivfplazafertility.com,Specialized IVF clinic with experienced fertility specialists
Akanksha IVF Oasis,"252 Vijay Nagar, Katni, Madhya Pradesh",Katni,Madhya Pradesh,+91-011-55416694,https://www.akankshaivfoasiscenter.com,Advanced reproductive medicine center with high success rates
Superior Fertility Fertility Savannah,"451 Block Street, Bokaro, Jharkhand",Bokaro,Jharkhand,+91-0135-37247477,https://www.superiorfertilityfertilitysavannahhealth.com,Advanced reproductive medicine center with high success rates
Good IVF IVF Program,"444 Ambedkar Clinic, Arrah, Bihar",Arrah,Bihar,+91-0155-20261646,https://www.goodivfivfprogramhospital.com,Expert fertility care with personalized treatment plans
Superb Fertility IVF Causeway,"473 Jawaharlal Nehru Colony, Malegaon, Maharashtra",Malegaon,Maharashtra,+91-0148-85010305,https://www.superbfertilityivfcausewayhospital.com,Leading IVF and fertility treatment facility
Fine Fertility IVF Sea,"333 Block Avenue, Sri Ganganagar, Rajasthan",Sri Ganganagar,Rajasthan,+91-0147-93876137,https://www.finefertilityivfseahealth.com,Comprehensive fertility treatment and reproductive health services
Great IVF Fertility,"472 Sector Nagar, Kollam, Kerala",Kollam,Kerala,+91-0187-71522668,https://www.greativffertilityhospital.com,Comprehensive infertility treatment solutions
Superb Fertility Fertility Savannah,"951 Tagore Complex, Bhagalpur, Bihar",Bhagalpur,Bihar,+91-011-52259151,https://www.superbfertilityfertilitysavannahcare.com,Expert fertility care with personalized treatment plans
Ruby IVF Fertility Viaduct,"992 South Clinic, Gopalpur, West Bengal",Gopalpur,West Bengal,+91-0164-26013353,https://www.rubyivffertilityviaductivf.com,Specialized fertility care and reproductive medicine
Platinum IVF Fertility Quest,"72 South Center, Ballia, Uttar Pradesh",Ballia,Uttar Pradesh,+91-0144-53429797,https://www.platinumivffertilityquestcare.com,Complete reproductive health and fertility services
Crystal IVF IVF Fertility,"339 Gandhi Nagar Road, Muzaffarnagar, Uttar Pradesh",Muzaffarnagar,Uttar Pradesh,+91-0129-59348917,https://www.crystalivfivffertilitycare.com,State-of-the-art fertility treatment center
Premium Fertility Fertility Canal,"643 Sardar Patel Lane, Tirunelveli, Tamil Nadu",Tirunelveli,Tamil Nadu,+91-0165-16064144,https://www.premiumfertilityfertilitycanalivf.com,Expert fertility care with personalized treatment plans
Golden IVF Fertility Yacht,"634 Bose Hospital, Dindigul, Tamil Nadu",Dindigul,Tamil Nadu,+91-0167-82237108,https://www.goldenivffertilityyachtclinic.com,Comprehensive fertility treatment and reproductive health services
Amazing IVF Fertility Plain,"559 Indira Road, Ongole, Andhra Pradesh",Ongole,Andhra Pradesh,+91-0120-46510420,https://www.amazingivffertilityplaincenter.com,Leading fertility treatment center offering advanced ART procedures
Pearl Fertility Fertility Plateau,"91 Phase Center, Panchkula, Haryana",Panchkula,Haryana,+91-0145-62859661,https://www.pearlfertilityfertilityplateaufertility.com,Advanced fertility clinic with cutting-edge technology
Perfect IVF Fertility Valley,"586 Ashok Avenue, Bhatpara, West Bengal",Bhatpara,West Bengal,+91-0124-31690692,https://www.perfectivffertilityvalleyclinic.com,Specialized IVF clinic with experienced fertility specialists
Elite Fertility IVF Avenue,"400 Tagore Complex, Ramagundam, Telangana",Ramagundam,Telangana,+91-0131-18512098,https://www.elitefertilityivfavenuefertility.com,Specialized fertility care and reproductive medicine
Best Fertility Fertility Desert,"941 Sector Road, Bhiwani, Haryana",Bhiwani,Haryana,+91-0136-31429593,https://www.bestfertilityfertilitydesertfertility.com,Dedicated to helping couples achieve their dream of parenthood
Pearl Fertility Fertility Desert,"209 Tagore Nagar, Katni, Madhya Pradesh",Katni,Madhya Pradesh,+91-0180-42816196,https://www.pearlfertilityfertilitydesertivf.com,Comprehensive infertility treatment solutions
Life Line Fertility Drive,"145 Vijay Hospital, Bijapur, Karnataka",Bijapur,Karnataka,+91-0168-62726054,https://www.lifelinefertilitydriveivf.com,Comprehensive fertility treatment and reproductive health services
Bloom IVF Cape,"716 Raj Nagar, Patiala, Punjab",Patiala,Punjab,+91-0123-89837860,https://www.bloomivfcapefertility.com,Advanced assisted reproductive technology center
Shivani IVF Peninsula,"25 Block Street, Belgaum, Karnataka",Belgaum,Karnataka,+91-0183-59821398,https://www.shivaniivfpeninsulaclinic.com,Expert fertility care with personalized treatment plans
Select Fertility IVF Lab,"709 Phase Clinic, Raichur, Karnataka",Raichur,Karnataka,+91-0180-12211834,https://www.selectfertilityivflabclinic.com,Specialized center for infertility diagnosis and treatment
Premier Fertility IVF Avenue,"358 Nehru Nagar, Allahabad, Uttar Pradesh",Allahabad,Uttar Pradesh,+91-040-45103938,https://www.premierfertilityivfavenuefertility.com,Dedicated to helping couples achieve their dream of parenthood
Leading IVF IVF Goal,"107 Ashok Lane, Kadapa, Andhra Pradesh",Kadapa,Andhra Pradesh,+91-0135-84458591,https://www.leadingivfivfgoalcare.com,Specialized IVF clinic with experienced fertility specialists
Supreme Fertility Fertility,"553 Central Nagar, Bikaner, Rajasthan",Bikaner,Rajasthan,+91-0159-19573472,https://www.supremefertilityfertilitymedical.com,Dedicated to helping couples achieve their dream of parenthood
Optimal IVF IVF Creek,"114 Raj Nagar, Jamshedpur, Jharkhand",Jamshedpur,Jharkhand,+91-0195-18423229,https://www.optimalivfivfcreekhospital.com,Dedicated to helping couples achieve their dream of parenthood
Premier Fertility Fertility Meadow,"26 Gandhi Complex, Mirzapur, Uttar Pradesh",Mirzapur,Uttar Pradesh,+91-040-61155148,https://www.premierfertilityfertilitymeadowhealth.com,State-of-the-art fertility treatment center
Shivani Fertility Ridge,"919 Jawaharlal Nehru Clinic, Hospet, Karnataka",Hospet,Karnataka,+91-0179-50493445,https://www.shivanifertilityridgehealth.com,Leading fertility treatment center offering advanced ART procedures
Royal IVF Fertility Causeway,"758 Modi Nagar, Bhatpara, West Bengal",Bhatpara,West Bengal,+91-0136-81883352,https://www.royalivffertilitycausewayhospital.com,Specialized fertility care and reproductive medicine
Amazing IVF IVF Reservoir,"471 Vijay Lane, Chapra, Bihar",Chapra,Bihar,+91-0184-57769684,https://www.amazingivfivfreservoirhospital.com,Specialized center for infertility diagnosis and treatment
Good IVF Fertility & Birthing,"687 New Lane, Bareilly, Uttar Pradesh",Bareilly,Uttar Pradesh,+91-0132-63772394,https://www.goodivffertilitybirthinghospital.com,Dedicated to helping couples achieve their dream of parenthood
Wonderful Fertility IVF Way,"113 Old Lane, Karimnagar, Telangana",Karimnagar,Telangana,+91-0173-42630985,https://www.wonderfulfertilityivfwayclinic.com,Specialized fertility care and reproductive medicine
Ruby IVF Fertility Crest,"465 Ambedkar Street, Aurangabad, Maharashtra",Aurangabad,Maharashtra,+91-0172-88572821,https://www.rubyivffertilitycrestcenter.com,Comprehensive fertility treatment and reproductive health services
Amazing IVF IVF Goal,"87 Main Clinic, Morena, Madhya Pradesh",Morena,Madhya Pradesh,+91-0197-92460753,https://www.amazingivfivfgoalclinic.com,Advanced assisted reproductive technology center
Preferred IVF Fertility Creek,"873 West Road, Kollam, Kerala",Kollam,Kerala,+91-0145-28032144,https://www.preferredivffertilitycreekcare.com,Advanced IVF clinic with proven success rates
Amazing IVF IVF Solutions,"955 Gandhi Nagar Lane, Jamnagar, Gujarat",Jamnagar,Gujarat,+91-0129-79704337,https://www.amazingivfivfsolutionsclinic.com,Specialized center for infertility diagnosis and treatment
Ankur Fertility Hill,"271 Shivaji Nagar, Varanasi, Uttar Pradesh",Varanasi,Uttar Pradesh,+91-0136-83871051,https://www.ankurfertilityhillhealth.com,Comprehensive infertility treatment solutions
Crystal IVF Fertility Horizon,"225 Main Center, Nagercoil, Tamil Nadu",Nagercoil,Tamil Nadu,+91-0133-90687528,https://www.crystalivffertilityhorizoncenter.com,Comprehensive fertility treatment and reproductive health services
Life Line IVF Savannah,"514 West Road, Anantnag, Jammu and Kashmir",Anantnag,Jammu and Kashmir,+91-0123-87441267,https://www.lifelineivfsavannahfertility.com,Expert fertility care with personalized treatment plans
Outstanding IVF IVF Treatment,"549 Jawaharlal Nehru Center, Jalandhar, Punjab",Jalandhar,Punjab,+91-0149-80643751,https://www.outstandingivfivftreatmentivf.com,Comprehensive fertility treatment and reproductive health services
Ruby IVF IVF Hospital,"784 Old Hospital, Nagercoil, Tamil Nadu",Nagercoil,Tamil Nadu,+91-0169-33090108,https://www.rubyivfivfhospitalclinic.com,Specialized center for infertility diagnosis and treatment
Exceptional IVF Fertility Peak,"267 East Clinic, Nanded, Maharashtra",Nanded,Maharashtra,+91-0161-76056712,https://www.exceptionalivffertilitypeakfertility.com,Specialized IVF clinic with experienced fertility specialists
Superior IVF Fertility Program,"381 MG Lane, Bilaspur, Chhattisgarh",Bilaspur,Chhattisgarh,+91-0166-35910354,https://www.superiorivffertilityprogramcare.com,Comprehensive infertility treatment solutions
Good IVF IVF Voyage,"112 Main Colony, Madurai, Tamil Nadu",Madurai,Tamil Nadu,+91-0154-58038883,https://www.goodivfivfvoyagemedical.com,State-of-the-art fertility treatment center
Ruby IVF IVF Reservoir,"131 Gandhi Complex, Kamarhati, West Bengal",Kamarhati,West Bengal,+91-0151-13218884,https://www.rubyivfivfreservoirclinic.com,Dedicated to helping couples achieve their dream of parenthood
Diamond Fertility IVF Path,"58 Jawaharlal Nehru Colony, Kadapa, Andhra Pradesh",Kadapa,Andhra Pradesh,+91-0139-66931815,https://www.diamondfertilityivfpathmedical.com,Advanced assisted reproductive technology center
Leading IVF Fertility Institute,"37 Tagore Lane, Coimbatore, Tamil Nadu",Coimbatore,Tamil Nadu,+91-0185-95040570,https://www.leadingivffertilityinstitutehospital.com,Expert fertility care with personalized treatment plans
Perfect IVF Fertility Boulevard,"421 East Colony, Malegaon, Maharashtra",Malegaon,Maharashtra,+91-0140-94449480,https://www.perfectivffertilityboulevardmedical.com,Advanced IVF clinic with proven success rates
Premier Fertility Fertility Lake,"524 Block Complex, North Dumdum, West Bengal",North Dumdum,West Bengal,+91-0161-66869548,https://www.premierfertilityfertilitylakeivf.com,State-of-the-art fertility treatment center
Ideal Fertility IVF Drive,"808 Modi Lane, Nagarcoil, Tamil Nadu",Nagarcoil,Tamil Nadu,+91-0154-15180767,https://www.idealfertilityivfdrivehospital.com,Expert fertility care with personalized treatment plans
Vani IVF Hope,"933 Nehru Avenue, Anantnag, Jammu and Kashmir",Anantnag,Jammu and Kashmir,+91-0141-88240834,https://www.vaniivfhopehealth.com,Expert fertility care with personalized treatment plans
Genesis IVF Aim,"200 Jawaharlal Nehru Colony, Patiala, Punjab",Patiala,Punjab,+91-0197-43081788,https://www.genesisivfaimfertility.com,Specialized IVF clinic with experienced fertility specialists
Premier Fertility Fertility Savannah,"910 Modi Center, Cuttack, Odisha",Cuttack,Odisha,+91-0174-73814887,https://www.premierfertilityfertilitysavannahcare.com,Dedicated to helping couples achieve their dream of parenthood
Fantastic Fertility IVF Aim,"192 Bose Lane, Khandwa, Madhya Pradesh",Khandwa,Madhya Pradesh,+91-044-40689000,https://www.fantasticfertilityivfaimcare.com,Dedicated to helping couples achieve their dream of parenthood
Exceptional IVF IVF Therapy,"197 Tagore Colony, Hospet, Karnataka",Hospet,Karnataka,+91-0164-69454647,https://www.exceptionalivfivftherapyfertility.com,Comprehensive infertility treatment with state-of-the-art technology
Supreme Fertility IVF Solutions,"963 Sector Road, Ranchi, Jharkhand",Ranchi,Jharkhand,+91-0128-62790114,https://www.supremefertilityivfsolutionshealth.com,Comprehensive infertility treatment with state-of-the-art technology
Superior Fertility Fertility River,"79 Ambedkar Street, Madhyamgram, West Bengal",Madhyamgram,West Bengal,+91-0124-19927403,https://www.superiorfertilityfertilityrivercenter.com,"Complete fertility solutions including IVF, ICSI, and fertility preservation"
Preferred IVF IVF Goal,"192 Raj Nagar, Kadapa, Andhra Pradesh",Kadapa,Andhra Pradesh,+91-0126-85717717,https://www.preferredivfivfgoalhospital.com,Advanced reproductive medicine center with high success rates
Wonderful Fertility IVF Ridge,"187 Nehru Avenue, Dhule, Maharashtra",Dhule,Maharashtra,+91-0139-49768244,https://www.wonderfulfertilityivfridgefertility.com,Specialized center for infertility diagnosis and treatment
Best Fertility IVF Summit,"114 Sector Road, Visakhapatnam, Andhra Pradesh",Visakhapatnam,Andhra Pradesh,+91-0120-50562471,https://www.bestfertilityivfsummitcenter.com,Specialized IVF clinic with experienced fertility specialists
Advanced Fertility Fertility Oasis,"490 Ashok Hospital, Muzaffarpur, Bihar",Muzaffarpur,Bihar,+91-0122-67407013,https://www.advancedfertilityfertilityoasisivf.com,Modern fertility clinic equipped with latest medical technology
Best Fertility IVF Road,"894 Central Clinic, Gopalpur, West Bengal",Gopalpur,West Bengal,+91-0154-10570086,https://www.bestfertilityivfroadclinic.com,Specialized IVF clinic with experienced fertility specialists
Perfect IVF Fertility Program,"360 Indira Colony, Tiruchirappalli, Tamil Nadu",Tiruchirappalli,Tamil Nadu,+91-0163-78501801,https://www.perfectivffertilityprogramhealth.com,Specialized center for infertility diagnosis and treatment
Supreme Fertility Fertility & Birthing,"227 MG Nagar, Erode, Tamil Nadu",Erode,Tamil Nadu,+91-0129-72214001,https://www.supremefertilityfertilitybirthingclinic.com,Comprehensive fertility treatment and reproductive health services
Optimal IVF IVF Stream,"194 Nehru Colony, Rajpur Sonarpur, West Bengal",Rajpur Sonarpur,West Bengal,+91-0136-12836390,https://www.optimalivfivfstreamcenter.com,State-of-the-art fertility treatment center
Optimal IVF Fertility Court,"438 Modi Center, Etawah, Uttar Pradesh",Etawah,Uttar Pradesh,+91-0176-24804597,https://www.optimalivffertilitycourtcenter.com,Advanced assisted reproductive technology center
Superior Fertility IVF Boat,"642 Sardar Patel Colony, Kanpur, Uttar Pradesh",Kanpur,Uttar Pradesh,+91-0128-95811429,https://www.superiorfertilityivfboatcare.com,Advanced reproductive medicine center with high success rates
Nice Fertility Fertility Boulevard,"320 Main Hospital, Thiruvananthapuram, Kerala",Thiruvananthapuram,Kerala,+91-0128-84087233,https://www.nicefertilityfertilityboulevardclinic.com,Leading IVF and fertility treatment facility
Preferred IVF IVF Bay,"594 Bose Nagar, Pali, Rajasthan",Pali,Rajasthan,+91-0148-21239997,https://www.preferredivfivfbaycenter.com,Specialized center for infertility diagnosis and treatment
Vins IVF Hill,"9 Main Lane, Dhanbad, Jharkhand",Dhanbad,Jharkhand,+91-033-96764748,https://www.vinsivfhillhospital.com,Advanced assisted reproductive technology center
Optimal IVF IVF Boulevard,"720 Block Complex, Bidhan Nagar, West Bengal",Bidhan Nagar,West Bengal,+91-0154-29006478,https://www.optimalivfivfboulevardfertility.com,Complete reproductive health and fertility services
Preferred IVF IVF Hospital,"644 Sector Colony, Asansol, West Bengal",Asansol,West Bengal,+91-0150-49596882,https://www.preferredivfivfhospitalhospital.com,Dedicated to helping couples achieve their dream of parenthood
Premium IVF Fertility Summit,"297 Phase Center, Allahabad, Uttar Pradesh",Allahabad,Uttar Pradesh,+91-0187-21190264,https://www.premiumivffertilitysummitcenter.com,Advanced assisted reproductive technology center
Top IVF Fertility Square,"140 Bose Lane, Kota, Rajasthan",Kota,Rajasthan,+91-0177-71748342,https://www.topivffertilitysquareclinic.com,Specialized center for infertility diagnosis and treatment
Prime Fertility Fertility Ferry,"412 Block Center, Kolhapur, Maharashtra",Kolhapur,Maharashtra,+91-0196-75658568,https://www.primefertilityfertilityferrycenter.com,Specialized center for infertility diagnosis and treatment
Wonderful Fertility IVF Bridge,"223 Sardar Patel Road, Noida, Uttar Pradesh",Noida,Uttar Pradesh,+91-0185-35692611,https://www.wonderfulfertilityivfbridgehospital.com,Specialized fertility care and reproductive medicine
Vani IVF Island,"320 Nehru Clinic, Chennai, Tamil Nadu",Chennai,Tamil Nadu,+91-0173-80658165,https://www.vaniivfislandmedical.com,Expert fertility care with personalized treatment plans
Fine Fertility Fertility Way,"498 Sonia Nagar, Nanded, Maharashtra",Nanded,Maharashtra,+91-0184-43888012,https://www.finefertilityfertilitywayhospital.com,Leading fertility treatment center offering advanced ART procedures
Ideal Fertility Fertility Oasis,"716 MG Complex, Raichur, Karnataka",Raichur,Karnataka,+91-0189-54569177,https://www.idealfertilityfertilityoasishealth.com,Leading IVF and fertility treatment facility
Wonderful Fertility Fertility Ridge,"294 Sonia Road, Sonipat, Haryana",Sonipat,Haryana,+91-044-26565600,https://www.wonderfulfertilityfertilityridgecare.com,Advanced assisted reproductive technology center
Best Fertility Fertility Journey,"322 Main Complex, Amravati, Maharashtra",Amravati,Maharashtra,+91-0185-72688093,https://www.bestfertilityfertilityjourneycenter.com,Expert fertility specialists providing comprehensive care
Preferred IVF IVF Boat,"181 Rajiv Avenue, Bhavnagar, Gujarat",Bhavnagar,Gujarat,+91-0175-15552884,https://www.preferredivfivfboatfertility.com,Specialized IVF clinic with experienced fertility specialists
Golden IVF Fertility Treatment,"758 MG Center, Nagpur, Maharashtra",Nagpur,Maharashtra,+91-0151-49530306,https://www.goldenivffertilitytreatmentcenter.com,Specialized fertility care and reproductive medicine
Excellent IVF Fertility Yacht,"329 Vijay Nagar, Bhiwani, Haryana",Bhiwani,Haryana,+91-0129-79225078,https://www.excellentivffertilityyachtcenter.com,Advanced IVF clinic with proven success rates
Hope IVF Fertility Institute,"208 Bose Nagar, Sagar, Madhya Pradesh",Sagar,Madhya Pradesh,+91-0183-73406606,https://www.hopeivffertilityinstitutecenter.com,Advanced assisted reproductive technology center
Good IVF Fertility Sea,"947 Central Nagar, Navi Mumbai, Maharashtra",Navi Mumbai,Maharashtra,+91-0134-62490644,https://www.goodivffertilityseamedical.com,Expert fertility specialists providing comprehensive care
Preferred IVF Fertility Point,"893 Block Road, Faridabad, Haryana",Faridabad,Haryana,+91-0151-89759266,https://www.preferredivffertilitypointfertility.com,Advanced IVF clinic with proven success rates
Superior Fertility Fertility Aqueduct,"200 Old Hospital, Bhind, Madhya Pradesh",Bhind,Madhya Pradesh,+91-0145-16624729,https://www.superiorfertilityfertilityaqueductmedical.com,Advanced reproductive medicine center with high success rates
Fine Fertility IVF Hope,"891 North Avenue, Pali, Rajasthan",Pali,Rajasthan,+91-0177-92066295,https://www.finefertilityivfhopemedical.com,Specialized center for infertility diagnosis and treatment
Diamond Fertility ART Centre,"283 Gandhi Road, Patna, Bihar",Patna,Bihar,+91-0165-76577164,https://www.diamondfertilityartcentrehospital.com,Dedicated to helping couples achieve their dream of parenthood
Pearl Fertility IVF Causeway,"177 Jawaharlal Nehru Nagar, Thiruvananthapuram, Kerala",Thiruvananthapuram,Kerala,+91-0161-39146975,https://www.pearlfertilityivfcausewayivf.com,Comprehensive infertility treatment solutions
Ruby IVF Fertility Institute,"594 South Lane, Panchkula, Haryana",Panchkula,Haryana,+91-0166-48701014,https://www.rubyivffertilityinstitutemedical.com,Leading fertility treatment center offering advanced ART procedures
Select Fertility Fertility Harbor,"82 South Road, Tiruchirappalli, Tamil Nadu",Tiruchirappalli,Tamil Nadu,+91-0164-71444116,https://www.selectfertilityfertilityharborcenter.com,Specialized IVF clinic with experienced fertility specialists
Royal IVF IVF River,"992 Sector Lane, Ranchi, Jharkhand",Ranchi,Jharkhand,+91-0153-88730680,https://www.royalivfivfrivermedical.com,Advanced fertility clinic with cutting-edge technology
Good IVF IVF Target,"957 Gandhi Nagar Street, Etawah, Uttar Pradesh",Etawah,Uttar Pradesh,+91-0176-75557665,https://www.goodivfivftargetclinic.com,Advanced reproductive medicine center with high success rates
Leading IVF IVF Program,"980 Jawaharlal Nehru Road, Raichur, Karnataka",Raichur,Karnataka,+91-0192-74951014,https://www.leadingivfivfprogrammedical.com,State-of-the-art fertility treatment center
Optimal IVF IVF Point,"12 Phase Street, Pondicherry, Puducherry",Pondicherry,Puducherry,+91-0186-83430763,https://www.optimalivfivfpointivf.com,Specialized IVF clinic with experienced fertility specialists
Excellent IVF Fertility Services,"600 Nehru Road, Visakhapatnam, Andhra Pradesh",Visakhapatnam,Andhra Pradesh,+91-022-90732011,https://www.excellentivffertilityservicesclinic.com,Complete reproductive health and fertility services
Premier Fertility Fertility Target,"417 Block Hospital, Hapur, Uttar Pradesh",Hapur,Uttar Pradesh,+91-0193-98043024,https://www.premierfertilityfertilitytargetcenter.com,Leading center for assisted reproductive technologies
Remarkable Fertility Fertility Hope,"738 Ambedkar Center, Mysore, Karnataka",Mysore,Karnataka,+91-0195-65162781,https://www.remarkablefertilityfertilityhopemedical.com,Specialized fertility care and reproductive medicine
Care IVF Fertility Drive,"894 Ambedkar Clinic, Ludhiana, Punjab",Ludhiana,Punjab,+91-0133-88181183,https://www.careivffertilitydrivehealth.com,"Complete fertility solutions including IVF, ICSI, and fertility preservation"
Golden IVF Fertility Goal,"207 Central Hospital, Panipat, Haryana",Panipat,Haryana,+91-0181-85680066,https://www.goldenivffertilitygoalhealth.com,Advanced assisted reproductive technology center
Fantastic Fertility Fertility Care,"33 Indira Nagar, Pondicherry, Puducherry",Pondicherry,Puducherry,+91-0176-29949958,https://www.fantasticfertilityfertilitycarecenter.com,Leading center for assisted reproductive technologies
Best Fertility IVF Yacht,"98 Sardar Patel Complex, Raichur, Karnataka",Raichur,Karnataka,+91-0142-65226061,https://www.bestfertilityivfyachtcare.com,Modern fertility clinic equipped with latest medical technology
Optimal IVF IVF Boat,"105 Nehru Colony, Tirunelveli, Tamil Nadu",Tirunelveli,Tamil Nadu,+91-0120-50599685,https://www.optimalivfivfboatcare.com,Complete reproductive health and fertility services
Remarkable Fertility Fertility Port,"261 South Center, Thanjavur, Tamil Nadu",Thanjavur,Tamil Nadu,+91-0155-71957044,https://www.remarkablefertilityfertilityportmedical.com,Leading IVF and fertility treatment facility
Emerald IVF Fertility Clinic,"526 Shivaji Lane, Hospet, Karnataka",Hospet,Karnataka,+91-0193-28093196,https://www.emeraldivffertilityclinicivf.com,Leading IVF and fertility treatment facility
Leading IVF IVF Island,"832 Tagore Clinic, Durgapur, West Bengal",Durgapur,West Bengal,+91-0143-60195078,https://www.leadingivfivfislandhospital.com,Specialized fertility care and reproductive medicine
Superb Fertility Fertility Therapy,"414 Modi Hospital, Ozhukarai, Puducherry",Ozhukarai,Puducherry,+91-0138-22596745,https://www.superbfertilityfertilitytherapyfertility.com,Advanced reproductive medicine center with high success rates
Pearl Fertility Fertility Care,"866 Phase Street, Ghaziabad, Uttar Pradesh",Ghaziabad,Uttar Pradesh,+91-0196-66413448,https://www.pearlfertilityfertilitycarecenter.com,Modern fertility clinic equipped with latest medical technology
Top IVF Fertility Reservoir,"835 East Nagar, Yamunanagar, Haryana",Yamunanagar,Haryana,+91-0196-63516723,https://www.topivffertilityreservoirivf.com,Modern fertility clinic equipped with latest medical technology
Exceptional IVF IVF Plaza,"980 New Clinic, Warangal, Telangana",Warangal,Telangana,+91-0126-76616329,https://www.exceptionalivfivfplazahospital.com,Expert fertility specialists providing comprehensive care
Top IVF IVF Centre,"369 Tagore Street, Durgapur, West Bengal",Durgapur,West Bengal,+91-0178-42459251,https://www.topivfivfcentreivf.com,Expert fertility care with personalized treatment plans
Exceptional IVF Fertility Ocean,"290 East Center, Kozhikode, Kerala",Kozhikode,Kerala,+91-0152-77588876,https://www.exceptionalivffertilityoceanclinic.com,Expert fertility specialists providing comprehensive care
Fine Fertility Fertility Path,"59 East Colony, Karawal Nagar, Delhi",Karawal Nagar,Delhi,+91-0191-83038689,https://www.finefertilityfertilitypathfertility.com,Specialized center for infertility diagnosis and treatment
Emerald IVF Fertility Plaza,"73 Sector Nagar, Hospet, Karnataka",Hospet,Karnataka,+91-0131-30276857,https://www.emeraldivffertilityplazahospital.com,Specialized center for infertility diagnosis and treatment
Excellent IVF IVF Well,"578 Jawaharlal Nehru Nagar, Pallavaram, Tamil Nadu",Pallavaram,Tamil Nadu,+91-0187-66250468,https://www.excellentivfivfwellhealth.com,Comprehensive infertility treatment with state-of-the-art technology
Nice Fertility IVF Voyage,"795 Jawaharlal Nehru Colony, Singrauli, Madhya Pradesh",Singrauli,Madhya Pradesh,+91-0188-68572392,https://www.nicefertilityivfvoyagemedical.com,"Complete fertility solutions including IVF, ICSI, and fertility preservation"
Great IVF IVF Bridge,"170 Central Complex, Burhanpur, Madhya Pradesh",Burhanpur,Madhya Pradesh,+91-0144-58155202,https://www.greativfivfbridgeclinic.com,Expert fertility specialists providing comprehensive care
Amazing IVF Fertility Brook,"545 Gandhi Nagar Complex, Salem, Tamil Nadu",Salem,Tamil Nadu,+91-0170-28085594,https://www.amazingivffertilitybrookmedical.com,Comprehensive infertility treatment solutions
Golden IVF IVF Adventure,"233 Nehru Road, Pali, Rajasthan",Pali,Rajasthan,+91-0187-56735260,https://www.goldenivfivfadventureclinic.com,Expert fertility care with personalized treatment plans
Oasis Fertility Desert,"725 Tagore Road, Rohtak, Haryana",Rohtak,Haryana,+91-0159-77195120,https://www.oasisfertilitydesertclinic.com,Comprehensive fertility treatment and reproductive health services
Choice IVF Fertility Lab,"907 Sector Clinic, Siliguri, West Bengal",Siliguri,West Bengal,+91-0181-12575145,https://www.choiceivffertilitylabclinic.com,Advanced reproductive medicine center with high success rates
Choice IVF IVF Ridge,"188 Central Lane, Khandwa, Madhya Pradesh",Khandwa,Madhya Pradesh,+91-0162-37035136,https://www.choiceivfivfridgeclinic.com,Comprehensive infertility treatment with state-of-the-art technology
Golden IVF Fertility Plan,"379 Shivaji Hospital, Thanjavur, Tamil Nadu",Thanjavur,Tamil Nadu,+91-0168-24361172,https://www.goldenivffertilityplanmedical.com,State-of-the-art fertility treatment center
Great IVF IVF Spring,"71 Jawaharlal Nehru Complex, Nellore, Andhra Pradesh",Nellore,Andhra Pradesh,+91-0150-81655487,https://www.greativfivfspringivf.com,Comprehensive fertility treatment and reproductive health services
Diamond Fertility IVF Ridge,"457 Phase Avenue, North Dumdum, West Bengal",North Dumdum,West Bengal,+91-0170-22756807,https://www.diamondfertilityivfridgecare.com,Advanced fertility clinic with cutting-edge technology
Best Fertility IVF Meadow,"852 Ashok Clinic, Nadiad, Gujarat",Nadiad,Gujarat,+91-0167-77062871,https://www.bestfertilityivfmeadowcare.com,Advanced fertility clinic with cutting-edge technology
Genesis IVF Field,"440 Ashok Hospital, Tiruchirappalli, Tamil Nadu",Tiruchirappalli,Tamil Nadu,+91-0129-34978571,https://www.genesisivffieldcare.com,Specialized fertility care and reproductive medicine
Fantastic Fertility Fertility Square,"737 Rajiv Lane, Sikar, Rajasthan",Sikar,Rajasthan,+91-0133-48682042,https://www.fantasticfertilityfertilitysquaremedical.com,Comprehensive infertility treatment solutions
Leading IVF IVF Lake,"24 Shivaji Avenue, Kollam, Kerala",Kollam,Kerala,+91-0199-29016239,https://www.leadingivfivflakeclinic.com,Specialized center for infertility diagnosis and treatment
Preferred IVF Fertility Garden,"672 Sardar Patel Clinic, Ajmer, Rajasthan",Ajmer,Rajasthan,+91-0175-11501275,https://www.preferredivffertilitygardenclinic.com,Expert fertility specialists providing comprehensive care
Superb Fertility IVF Road,"157 West Avenue, Vijayawada, Andhra Pradesh",Vijayawada,Andhra Pradesh,+91-0158-50868245,https://www.superbfertilityivfroadcenter.com,Expert fertility specialists providing comprehensive care
Fine Fertility IVF Prairie,"387 MG Center, Udaipur, Rajasthan",Udaipur,Rajasthan,+91-0151-60726655,https://www.finefertilityivfprairiehealth.com,Leading IVF and fertility treatment facility
Sapphire Fertility IVF Island,"470 Old Colony, Sonipat, Haryana",Sonipat,Haryana,+91-0120-16487324,https://www.sapphirefertilityivfislandmedical.com,Comprehensive fertility treatment and reproductive health services
Good IVF IVF Peninsula,"100 Ashok Nagar, Darbhanga, Bihar",Darbhanga,Bihar,+91-0191-61689149,https://www.goodivfivfpeninsulacare.com,Complete reproductive health and fertility services
Premium IVF Fertility Park,"858 Old Center, Bhavnagar, Gujarat",Bhavnagar,Gujarat,+91-0143-82453277,https://www.premiumivffertilityparkcare.com,Comprehensive infertility treatment solutions
Exceptional IVF Fertility Aqueduct,"518 Vijay Center, Tirunelveli, Tamil Nadu",Tirunelveli,Tamil Nadu,+91-033-45875890,https://www.exceptionalivffertilityaqueductmedical.com,Modern fertility clinic equipped with latest medical technology
Outstanding IVF Fertility Journey,"270 Ambedkar Complex, Loni, Uttar Pradesh",Loni,Uttar Pradesh,+91-0194-19747903,https://www.outstandingivffertilityjourneyivf.com,Leading IVF and fertility treatment facility
Golden IVF IVF Target,"792 Sector Hospital, Ozhukarai, Puducherry",Ozhukarai,Puducherry,+91-0125-52018659,https://www.goldenivfivftargetclinic.com,Expert fertility specialists providing comprehensive care
Fine Fertility Fertility Bay,"639 Main Nagar, Gwalior, Madhya Pradesh",Gwalior,Madhya Pradesh,+91-040-44155074,https://www.finefertilityfertilitybayfertility.com,Leading center for assisted reproductive technologies
Care IVF Fertility Fountain,"250 North Center, Dehradun, Uttarakhand",Dehradun,Uttarakhand,+91-0172-28854249,https://www.careivffertilityfountaincenter.com,Advanced IVF clinic with proven success rates
Ruby IVF Fertility Meadow,"961 New Hospital, Bokaro, Jharkhand",Bokaro,Jharkhand,+91-0172-76308948,https://www.rubyivffertilitymeadowivf.com,Dedicated to helping couples achieve their dream of parenthood
Ideal Fertility IVF Horizon,"988 Raj Road, Ulhasnagar, Maharashtra",Ulhasnagar,Maharashtra,+91-0179-28812074,https://www.idealfertilityivfhorizonivf.com,Expert fertility care with personalized treatment plans
Prime Fertility IVF Pond,"696 Central Road, Nashik, Maharashtra",Nashik,Maharashtra,+91-0141-22112914,https://www.primefertilityivfpondfertility.com,Modern fertility clinic equipped with latest medical technology
Perfect IVF Fertility Lake,"326 Gandhi Center, Madhyamgram, West Bengal",Madhyamgram,West Bengal,+91-0132-20885112,https://www.perfectivffertilitylakemedical.com,Comprehensive fertility treatment and reproductive health services
Leading IVF Fertility Boat,"859 Indira Clinic, Guntur, Andhra Pradesh",Guntur,Andhra Pradesh,+91-0155-24375762,https://www.leadingivffertilityboatcare.com,Advanced fertility clinic with cutting-edge technology
Great IVF Fertility Road,"967 Gandhi Nagar Colony, Burhanpur, Madhya Pradesh",Burhanpur,Madhya Pradesh,+91-0149-70859152,https://www.greativffertilityroadhospital.com,Specialized IVF clinic with experienced fertility specialists
Life Line Fertility Fountain,"339 Ambedkar Road, Dhanbad, Jharkhand",Dhanbad,Jharkhand,+91-0184-95808759,https://www.lifelinefertilityfountainhospital.com,State-of-the-art fertility treatment center
Top IVF Fertility & Birthing,"220 Bose Complex, Cuttack, Odisha",Cuttack,Odisha,+91-0158-19560511,https://www.topivffertilitybirthinghealth.com,Expert fertility care with personalized treatment plans
Preferred IVF Fertility Viaduct,"931 Block Street, Vijayanagaram, Andhra Pradesh",Vijayanagaram,Andhra Pradesh,+91-0132-47822743,https://www.preferredivffertilityviaducthospital.com,Dedicated to helping couples achieve their dream of parenthood
Perfect IVF Fertility Adventure,"265 Vijay Avenue, Hospet, Karnataka",Hospet,Karnataka,+91-0149-78729305,https://www.perfectivffertilityadventureclinic.com,Leading IVF and fertility treatment facility
Superior IVF Fertility Court,"144 Raj Avenue, Mirzapur, Uttar Pradesh",Mirzapur,Uttar Pradesh,+91-0184-30887745,https://www.superiorivffertilitycourtmedical.com,Expert fertility specialists providing comprehensive care
Exceptional IVF Fertility Adventure,"97 Bose Center, Sambhal, Uttar Pradesh",Sambhal,Uttar Pradesh,+91-0196-99404990,https://www.exceptionalivffertilityadventurehospital.com,Comprehensive infertility treatment with state-of-the-art technology
Elite IVF IVF Future,"689 North Nagar, Nashik, Maharashtra",Nashik,Maharashtra,+91-0149-36229308,https://www.eliteivfivffutureclinic.com,Expert fertility care with personalized treatment plans
Sapphire Fertility IVF Cape,"230 Old Road, Bhalswa Jahangir Pur, Delhi",Bhalswa Jahangir Pur,Delhi,+91-0126-59017614,https://www.sapphirefertilityivfcapecenter.com,Complete reproductive health and fertility services
Fantastic Fertility Fertility Horizon,"379 Main Lane, Panihati, West Bengal",Panihati,West Bengal,+91-0199-80184034,https://www.fantasticfertilityfertilityhorizoncenter.com,Leading IVF and fertility treatment facility
Morpheus Fertility & Birthing,"447 Vijay Road, Imphal, Manipur",Imphal,Manipur,+91-0185-32630543,https://www.morpheusfertilitybirthinghealth.com,Expert fertility specialists providing comprehensive care
Excellent IVF IVF Reservoir,"374 West Nagar, Ahmedabad, Gujarat",Ahmedabad,Gujarat,+91-040-39094989,https://www.excellentivfivfreservoirivf.com,Leading fertility treatment center offering advanced ART procedures
Ruby IVF IVF Court,"38 Raj Clinic, Bhatpara, West Bengal",Bhatpara,West Bengal,+91-0128-44046557,https://www.rubyivfivfcourtivf.com,Specialized fertility care and reproductive medicine
Chosen Fertility IVF Reservoir,"961 Block Nagar, Ambattur, Tamil Nadu",Ambattur,Tamil Nadu,+91-0172-64824537,https://www.chosenfertilityivfreservoirfertility.com,"Complete fertility solutions including IVF, ICSI, and fertility preservation"
Oasis Fertility Path,"491 Sonia Road, Siliguri, West Bengal",Siliguri,West Bengal,+91-0182-77152230,https://www.oasisfertilitypathfertility.com,Leading IVF and fertility treatment facility
Top IVF Fertility Road,"679 Old Hospital, Aurangabad, Maharashtra",Aurangabad,Maharashtra,+91-0141-33108352,https://www.topivffertilityroadhealth.com,"Complete fertility solutions including IVF, ICSI, and fertility preservation"
Great IVF IVF Street,"763 Sector Avenue, Bulandshahr, Uttar Pradesh",Bulandshahr,Uttar Pradesh,+91-0172-79300295,https://www.greativfivfstreetclinic.com,Complete reproductive health and fertility services
Ideal Fertility IVF Savannah,"382 Shivaji Lane, Dhanbad, Jharkhand",Dhanbad,Jharkhand,+91-0121-44400444,https://www.idealfertilityivfsavannahivf.com,Leading fertility treatment center offering advanced ART procedures
Hope IVF Fertility Therapy,"505 Rajiv Nagar, Asansol, West Bengal",Asansol,West Bengal,+91-0171-73895749,https://www.hopeivffertilitytherapycare.com,Expert fertility care with personalized treatment plans
Select Fertility IVF Lake,"732 Bose Hospital, Noida, Uttar Pradesh",Noida,Uttar Pradesh,+91-0141-34764505,https://www.selectfertilityivflakeclinic.com,Dedicated to helping couples achieve their dream of parenthood
Prime Fertility IVF River,"28 Phase Complex, Chennai, Tamil Nadu",Chennai,Tamil Nadu,+91-033-72012105,https://www.primefertilityivfriverhospital.com,Advanced fertility clinic with cutting-edge technology
Perfect IVF International IVF Center,"280 South Complex, Chittoor, Andhra Pradesh",Chittoor,Andhra Pradesh,+91-0156-31138572,https://www.perfectivfinternationalivfcenterhealth.com,Modern fertility clinic equipped with latest medical technology
Ideal Fertility IVF Aim,"156 West Lane, Cuttack, Odisha",Cuttack,Odisha,+91-0153-43344494,https://www.idealfertilityivfaimcenter.com,"Complete fertility solutions including IVF, ICSI, and fertility preservation"
Superb Fertility IVF Dream,"103 East Avenue, Karawal Nagar, Delhi",Karawal Nagar,Delhi,+91-011-53130451,https://www.superbfertilityivfdreamcenter.com,Leading IVF and fertility treatment facility
Prime IVF Fertility Lake,"798 Gandhi Center, Srinagar, Jammu and Kashmir",Srinagar,Jammu and Kashmir,+91-0121-93719448,https://www.primeivffertilitylakemedical.com,Leading center for assisted reproductive technologies
Outstanding IVF IVF Program,"606 Sector Center, Chandrapur, Maharashtra",Chandrapur,Maharashtra,+91-0175-58627458,https://www.outstandingivfivfprogramcenter.com,Specialized fertility care and reproductive medicine
Infertility Solutions IVF Plan,"258 Sonia Complex, Ahmednagar, Maharashtra",Ahmednagar,Maharashtra,+91-0175-40137710,https://www.infertilitysolutionsivfplanfertility.com,Leading fertility treatment center offering advanced ART procedures
Platinum IVF Fertility Ocean,"175 Tagore Lane, Lucknow, Uttar Pradesh",Lucknow,Uttar Pradesh,+91-0188-31930683,https://www.platinumivffertilityoceancare.com,Expert fertility specialists providing comprehensive care
Excellent IVF IVF Valley,"793 South Center, Chandigarh, Chandigarh",Chandigarh,Chandigarh,+91-0147-56647443,https://www.excellentivfivfvalleyivf.com,Leading fertility treatment center offering advanced ART procedures
Outstanding IVF Fertility Expedition,"88 Old Road, Rajpur Sonarpur, West Bengal",Rajpur Sonarpur,West Bengal,+91-0164-46834181,https://www.outstandingivffertilityexpeditioncenter.com,Expert fertility care with personalized treatment plans
Good IVF Fertility Boulevard,"15 Main Hospital, Bijapur, Karnataka",Bijapur,Karnataka,+91-0188-91043111,https://www.goodivffertilityboulevardcenter.com,Advanced assisted reproductive technology center
Prime Fertility IVF Peninsula,"828 Ambedkar Center, Navi Mumbai, Maharashtra",Navi Mumbai,Maharashtra,+91-0194-95386519,https://www.primefertilityivfpeninsulacenter.com,State-of-the-art fertility treatment center
Preferred IVF Fertility Ocean,"100 South Avenue, Pune, Maharashtra",Pune,Maharashtra,+91-0193-10147858,https://www.preferredivffertilityoceanmedical.com,Specialized IVF clinic with experienced fertility specialists
Bloom IVF Tunnel,"547 Tagore Nagar, Mathura, Uttar Pradesh",Mathura,Uttar Pradesh,+91-0195-39717234,https://www.bloomivftunnelmedical.com,Expert fertility care with personalized treatment plans
Good IVF IVF Summit,"149 East Avenue, Chandrapur, Maharashtra",Chandrapur,Maharashtra,+91-0148-51531777,https://www.goodivfivfsummitclinic.com,Specialized center for infertility diagnosis and treatment
Genesis IVF Dam,"902 Shivaji Colony, Thanjavur, Tamil Nadu",Thanjavur,Tamil Nadu,+91-0147-35940922,https://www.genesisivfdamcenter.com,Comprehensive fertility treatment and reproductive health services
Fine Fertility IVF Pond,"754 Central Street, Nagarcoil, Tamil Nadu",Nagarcoil,Tamil Nadu,+91-0164-28278531,https://www.finefertilityivfpondcare.com,Comprehensive infertility treatment with state-of-the-art technology
Outstanding IVF IVF Ferry,"33 Sector Nagar, Chennai, Tamil Nadu",Chennai,Tamil Nadu,+91-0157-82694327,https://www.outstandingivfivfferryivf.com,Comprehensive infertility treatment with state-of-the-art technology
Exceptional IVF Fertility Crest,"474 Vijay Colony, Avadi, Tamil Nadu",Avadi,Tamil Nadu,+91-0144-52752421,https://www.exceptionalivffertilitycrestcenter.com,Advanced fertility clinic with cutting-edge technology
Ruby IVF Fertility Fountain,"314 Nehru Street, Dindigul, Tamil Nadu",Dindigul,Tamil Nadu,+91-0122-66625676,https://www.rubyivffertilityfountainmedical.com,Expert fertility specialists providing comprehensive care
Pearl Fertility IVF Journey,"254 Phase Nagar, Patiala, Punjab",Patiala,Punjab,+91-0150-23234667,https://www.pearlfertilityivfjourneyclinic.com,Leading fertility treatment center offering advanced ART procedures
Amazing IVF Fertility Hospital,"250 Sardar Patel Clinic, Amravati, Maharashtra",Amravati,Maharashtra,+91-0133-13743164,https://www.amazingivffertilityhospitalfertility.com,Advanced fertility clinic with cutting-edge technology
Perfect IVF Fertility Bay,"412 West Complex, Jodhpur, Rajasthan",Jodhpur,Rajasthan,+91-0161-58856871,https://www.perfectivffertilitybayclinic.com,Specialized IVF clinic with experienced fertility specialists
Excel IVF IVF Island,"724 Block Colony, Bidhan Nagar, West Bengal",Bidhan Nagar,West Bengal,+91-0154-18339308,https://www.excelivfivfislandhealth.com,Complete reproductive health and fertility services
Wonderful Fertility Fertility Cape,"473 Main Road, Mangalore, Karnataka",Mangalore,Karnataka,+91-080-17733632,https://www.wonderfulfertilityfertilitycapeclinic.com,Expert fertility care with personalized treatment plans
Ankur Fertility Path,"624 Shivaji Avenue, Biharsharif, Bihar",Biharsharif,Bihar,+91-0141-12738391,https://www.ankurfertilitypathmedical.com,Advanced IVF clinic with proven success rates
Leading IVF IVF Peninsula,"987 Phase Nagar, Bhind, Madhya Pradesh",Bhind,Madhya Pradesh,+91-0131-21333735,https://www.leadingivfivfpeninsulaivf.com,Comprehensive fertility treatment and reproductive health services
Good IVF Fertility Point,"326 West Colony, Karawal Nagar, Delhi",Karawal Nagar,Delhi,+91-0174-88147741,https://www.goodivffertilitypointcenter.com,Leading IVF and fertility treatment facility
Preferred IVF Fertility Institute,"255 MG Complex, Rajahmundry, Andhra Pradesh",Rajahmundry,Andhra Pradesh,+91-0184-40750161,https://www.preferredivffertilityinstitutefertility.com,Advanced IVF clinic with proven success rates
Superior Fertility IVF Target,"880 MG Avenue, Bikaner, Rajasthan",Bikaner,Rajasthan,+91-0158-68594444,https://www.superiorfertilityivftargetclinic.com,Modern fertility clinic equipped with latest medical technology
Golden IVF Fertility Creek,"443 Central Nagar, Sikar, Rajasthan",Sikar,Rajasthan,+91-0149-93646381,https://www.goldenivffertilitycreekcenter.com,Comprehensive infertility treatment with state-of-the-art technology
